url,coverage,last_crawl
/,"Submitted and indexed",2026-06-03
/about,"Submitted and indexed",2026-06-04
/ap-eamcet-coaching,"Submitted and indexed",2026-05-28
/batch-vs-personal-coaching,"Submitted and indexed",2026-04-25
/best-jee-coaching-in-india,"Submitted and indexed",2026-06-02
/bitsat-coaching,"Submitted and indexed",2026-05-19
/blog,"Submitted and indexed",2026-05-23
/blog/abroad-mbbs-vs-india-mbbs,"Crawled - currently not indexed",2026-04-25
/blog/aiims-vs-private-medical-college,"Submitted and indexed",2026-06-07
/blog/ap-eamcet-complete-guide-2027,"Submitted and indexed",2026-05-22
/blog/ap-eamcet-syllabus-complete-guide-2027,"Submitted and indexed",2026-05-28
/blog/best-books-for-jee-chemistry-2027,"Submitted and indexed",2026-05-27
/blog/best-books-for-jee-mathematics-2027,"Submitted and indexed",2026-05-24
/blog/best-books-for-jee-physics-2027,"Submitted and indexed",2026-05-27
/blog/best-books-for-neet-biology-2027,"Submitted and indexed",2026-05-28
/blog/best-books-for-neet-chemistry-2027,"Submitted and indexed",2026-05-26
/blog/best-books-for-neet-physics-2027,"Submitted and indexed",2026-06-07
/blog/bits-pilani-cutoff-2027,"Submitted and indexed",2026-05-22
/blog/bitsat-complete-guide-2027,"Submitted and indexed",2026-06-07
/blog/bitsat-syllabus-complete-guide-2027,"Submitted and indexed",2026-05-26
/blog/choosing-between-jee-and-neet,"Crawled - currently not indexed",2026-03-27
/blog/comedk-complete-guide-2027,"Submitted and indexed",2026-05-22
/blog/comedk-syllabus-complete-guide-2027,"Submitted and indexed",2026-05-24
/blog/computer-science-vs-electronics-engineering,"Submitted and indexed",2026-03-12
/blog/cuet-complete-guide-2027,"Submitted and indexed",2026-05-21
/blog/cuet-syllabus-complete-guide-2027,"Submitted and indexed",2026-05-26
/blog/data-science-after-engineering,"Submitted and indexed",2026-06-07
/blog/dropper-strategy-jee-chemistry-2027,"Submitted and indexed",2026-05-26
/blog/dropper-strategy-jee-mathematics-2027,"Submitted and indexed",2026-05-24
/blog/dropper-strategy-jee-physics-2027,"Submitted and indexed",2026-05-30
/blog/dropper-strategy-neet-biology-2027,"Submitted and indexed",2026-06-07
/blog/dropper-strategy-neet-chemistry-2027,"Submitted and indexed",2026-06-04
/blog/dropper-strategy-neet-physics-2027,"Submitted and indexed",2026-05-28
/blog/how-to-prepare-aptitude-for-viteee-2027,"Submitted and indexed",2026-06-07
/blog/how-to-prepare-biology-for-kcet-2027,"Submitted and indexed",2026-05-22
/blog/how-to-prepare-biology-for-kvpy-2027,"Submitted and indexed",2026-05-24
/blog/how-to-prepare-biology-nseb-inbio-ibo-for-olympiad-2027,"Submitted and indexed",2026-05-27
/blog/how-to-prepare-chemistry-for-ap-eamcet-2027,"Submitted and indexed",2026-06-07
/blog/how-to-prepare-chemistry-for-bitsat-2027,"Submitted and indexed",2026-06-07
/blog/how-to-prepare-chemistry-for-comedk-2027,"Submitted and indexed",2026-06-06
/blog/how-to-prepare-chemistry-for-kcet-2027,"Submitted and indexed",2026-06-10
/blog/how-to-prepare-chemistry-for-kvpy-2027,"Submitted and indexed",2026-06-08
/blog/how-to-prepare-chemistry-for-mht-cet-2027,"Submitted and indexed",2026-05-22
/blog/how-to-prepare-chemistry-for-srmjeee-2027,"Submitted and indexed",2026-06-05
/blog/how-to-prepare-chemistry-for-ts-eamcet-2027,"Submitted and indexed",2026-05-27
/blog/how-to-prepare-chemistry-for-viteee-2027,"Submitted and indexed",2026-05-25
/blog/how-to-prepare-chemistry-for-wbjee-2027,"Submitted and indexed",2026-05-24
/blog/how-to-prepare-chemistry-nsec-incho-icho-for-olympiad-2027,"Submitted and indexed",2026-06-08
/blog/how-to-prepare-english-aptitude-for-srmjeee-2027,"Submitted and indexed",2026-05-26
/blog/how-to-prepare-english-proficiency-for-bitsat-2027,"Submitted and indexed",2026-05-25
/blog/how-to-prepare-logical-reasoning-for-bitsat-2027,"Submitted and indexed",2026-05-28
/blog/how-to-prepare-logical-reasoning-for-isi-entrance-2027,"Submitted and indexed",2026-05-26
/blog/how-to-prepare-mathematics-biology-for-mht-cet-2027,"Submitted and indexed",2026-05-24
/blog/how-to-prepare-mathematics-biology-for-srmjeee-2027,"Submitted and indexed",2026-06-04
/blog/how-to-prepare-mathematics-for-ap-eamcet-2027,"Submitted and indexed",2026-05-26
/blog/how-to-prepare-mathematics-for-bitsat-2027,"Submitted and indexed",2026-05-27
/blog/how-to-prepare-mathematics-for-comedk-2027,"Submitted and indexed",2026-05-22
/blog/how-to-prepare-mathematics-for-isi-entrance-2027,"Submitted and indexed",2026-06-06
/blog/how-to-prepare-mathematics-for-kcet-2027,"Submitted and indexed",2026-05-29
/blog/how-to-prepare-mathematics-for-kvpy-2027,"Submitted and indexed",2026-05-28
/blog/how-to-prepare-mathematics-for-ts-eamcet-2027,"Submitted and indexed",2026-05-29
/blog/how-to-prepare-mathematics-for-viteee-2027,"Submitted and indexed",2026-05-29
/blog/how-to-prepare-mathematics-for-wbjee-2027,"Submitted and indexed",2026-06-05
/blog/how-to-prepare-mathematics-rmo-inmo-imo-for-olympiad-2027,"Submitted and indexed",2026-06-09
/blog/how-to-prepare-physics-for-ap-eamcet-2027,"Submitted and indexed",2026-06-05
/blog/how-to-prepare-physics-for-bitsat-2027,"Submitted and indexed",2026-06-06
/blog/how-to-prepare-physics-for-comedk-2027,"Crawled - currently not indexed",2026-05-28
/blog/how-to-prepare-physics-for-kcet-2027,"Submitted and indexed",2026-05-27
/blog/how-to-prepare-physics-for-kvpy-2027,"Submitted and indexed",2026-05-25
/blog/how-to-prepare-physics-for-mht-cet-2027,"Submitted and indexed",2026-05-29
/blog/how-to-prepare-physics-for-srmjeee-2027,"Submitted and indexed",2026-05-24
/blog/how-to-prepare-physics-for-ts-eamcet-2027,"Submitted and indexed",2026-05-28
/blog/how-to-prepare-physics-for-viteee-2027,"Submitted and indexed",2026-05-28
/blog/how-to-prepare-physics-for-wbjee-2027,"Submitted and indexed",2026-06-06
/blog/how-to-prepare-physics-nsep-inpho-ipho-for-olympiad-2027,"Submitted and indexed",2026-05-27
/blog/how-to-prepare-section-ia-languages-for-cuet-2027,"Submitted and indexed",2026-06-04
/blog/how-to-prepare-section-ii-domain-subjects-for-cuet-2027,"Submitted and indexed",2026-06-08
/blog/how-to-prepare-section-iii-general-test-for-cuet-2027,"Submitted and indexed",2026-05-25
/blog/how-to-prepare-statistics-probability-for-isi-entrance-2027,"Discovered - currently not indexed",
/blog/iit-vs-nit-vs-iiit-comparison,"Submitted and indexed",2026-06-07
/blog/isi-entrance-complete-guide-2027,"Submitted and indexed",2026-06-08
/blog/isi-entrance-syllabus-complete-guide-2027,"Submitted and indexed",2026-06-07
/blog/jee-2017-paper-analysis,"Crawled - currently not indexed",2026-05-22
/blog/jee-2018-paper-analysis,"Crawled - currently not indexed",2026-05-30
/blog/jee-2019-paper-analysis,"Crawled - currently not indexed",2026-05-17
/blog/jee-2020-paper-analysis,"Submitted and indexed",2026-03-06
/blog/jee-2021-paper-analysis,"Crawled - currently not indexed",2026-03-06
/blog/jee-2022-paper-analysis,"Crawled - currently not indexed",2026-03-06
/blog/jee-2023-paper-analysis,"Submitted and indexed",2026-03-06
/blog/jee-2024-paper-analysis,"Crawled - currently not indexed",2026-03-06
/blog/jee-2025-paper-analysis,"Submitted and indexed",2026-03-06
/blog/jee-2026-paper-analysis,"Excluded by ‘noindex’ tag",2026-05-24
/blog/jee-advanced-cutoff-trends-2027,"Submitted and indexed",2026-05-27
/blog/jee-advanced-iit-cutoff-2027,"Submitted and indexed",2026-05-29
/blog/jee-advanced-iit-seat-allocation-2027,"Submitted and indexed",2026-06-07
/blog/jee-main-expected-cutoff-2027,"Submitted and indexed",2026-05-24
/blog/jee-main-marks-vs-percentile-2027,"Submitted and indexed",2026-05-27
/blog/jee-main-nit-cutoff-2027,"Submitted and indexed",2026-05-27
/blog/jee-main-percentile-to-rank-2027,"Submitted and indexed",2026-06-09
/blog/jee-main-state-counselling-cutoff-2027,"Submitted and indexed",2026-05-26
/blog/josaa-seat-allotment-analysis-2027,"Submitted and indexed",2026-06-06
/blog/kcet-complete-guide-2027,"Submitted and indexed",2026-06-07
/blog/kcet-syllabus-complete-guide-2027,"Submitted and indexed",2026-05-28
/blog/kvpy-complete-guide-2027,"Submitted and indexed",2026-05-27
/blog/kvpy-syllabus-complete-guide-2027,"Submitted and indexed",2026-05-22
/blog/mbbs-vs-bds-after-neet-2027,"Submitted and indexed",2026-06-06
/blog/mechanical-vs-civil-engineering-career,"Submitted and indexed",2026-05-16
/blog/mht-cet-complete-guide-2027,"URL is unknown to Google",
/blog/mht-cet-syllabus-complete-guide-2027,"Submitted and indexed",2026-05-26
/blog/neet-2017-paper-analysis,"Crawled - currently not indexed",2026-05-01
/blog/neet-2018-paper-analysis,"Submitted and indexed",2026-05-19
/blog/neet-2019-paper-analysis,"Crawled - currently not indexed",2026-05-01
/blog/neet-2020-paper-analysis,"Crawled - currently not indexed",2026-05-17
/blog/neet-2021-paper-analysis,"Crawled - currently not indexed",2026-05-17
/blog/neet-2022-paper-analysis,"Submitted and indexed",2026-04-29
/blog/neet-2023-paper-analysis,"Crawled - currently not indexed",2026-05-02
/blog/neet-2024-paper-analysis,"Crawled - currently not indexed",2026-05-01
/blog/neet-2025-paper-analysis,"Submitted and indexed",2026-06-02
/blog/neet-2026-paper-analysis,"Excluded by ‘noindex’ tag",2026-05-28
/blog/neet-2027-syllabus-changes,"Discovered - currently not indexed",
/blog/neet-counselling-complete-guide-2027,"Submitted and indexed",2026-05-29
/blog/neet-cutoff-aiims-delhi-2027,"Submitted and indexed",2026-05-28
/blog/neet-cutoff-top-government-medical-2027,"Submitted and indexed",2026-05-27
/blog/neet-expected-cutoff-2027,"Submitted and indexed",2026-05-30
/blog/neet-marks-vs-rank-2027,"Submitted and indexed",2026-05-28
/blog/neet-pg-after-mbbs-guide-2027,"Submitted and indexed",2026-05-24
/blog/neet-private-medical-college-cutoff-2027,"Submitted and indexed",2026-05-23
/blog/neet-score-vs-rank-2027,"Submitted and indexed",2026-05-25
/blog/neet-state-quota-cutoff-2027,"Submitted and indexed",2026-06-07
/blog/olympiad-complete-guide-2027,"Submitted and indexed",2026-06-04
/blog/olympiad-syllabus-complete-guide-2027,"Submitted and indexed",2026-05-24
/blog/private-vs-government-medical-college-2027,"Submitted and indexed",2026-06-06
/blog/srmjeee-complete-guide-2027,"Submitted and indexed",2026-05-28
/blog/srmjeee-syllabus-complete-guide-2027,"Submitted and indexed",2026-05-26
/blog/top-50-engineering-colleges-india-2027,"Submitted and indexed",2026-05-24
/blog/top-50-medical-colleges-india-2027,"Submitted and indexed",2026-05-27
/blog/top-engineering-branches-after-jee,"Crawled - currently not indexed",2026-04-25
/blog/ts-eamcet-complete-guide-2027,"Submitted and indexed",2026-06-07
/blog/ts-eamcet-syllabus-complete-guide-2027,"Submitted and indexed",2026-05-24
/blog/viteee-complete-guide-2027,"Submitted and indexed",2026-05-26
/blog/viteee-syllabus-complete-guide-2027,"Submitted and indexed",2026-05-28
/blog/wbjee-complete-guide-2027,"Submitted and indexed",2026-06-05
/blog/wbjee-syllabus-complete-guide-2027,"Submitted and indexed",2026-05-28
/comedk-coaching,"Discovered - currently not indexed",
/contact,"Discovered - currently not indexed",
/course/1-on-1-crash-program,"Crawled - currently not indexed",2026-04-24
/course/10th-foundation,"Crawled - currently not indexed",2026-03-28
/course/6th-foundation,"Submitted and indexed",2026-05-19
/course/7th-foundation,"Crawled - currently not indexed",2026-03-02
/course/8th-foundation,"Crawled - currently not indexed",2026-03-27
/course/9th-foundation,"Crawled - currently not indexed",2026-03-03
/course/bitsat-target,"Submitted and indexed",2026-03-08
/course/isi-entrance-target,"Submitted and indexed",2026-05-23
/course/jee-main-target-2029,"Submitted and indexed",2026-05-28
/course/jee-target-2028,"Submitted and indexed",2026-05-24
/course/neet-target-2028,"Submitted and indexed",2026-06-07
/course/neet-target-2029,"Submitted and indexed",2026-05-26
/course/olympiad-coaching,"Crawled - currently not indexed",2026-06-08
/course/subject-crash-course,"Crawled - currently not indexed",2026-04-24
/courses,"Submitted and indexed",2026-05-19
/cuet-coaching,"Discovered - currently not indexed",
/difference-between-ac-and-dc,"Excluded by ‘noindex’ tag",2026-06-09
/difference-between-acid-and-base,"Excluded by ‘noindex’ tag",2026-04-25
/difference-between-arithmetic-and-geometric-progression,"Excluded by ‘noindex’ tag",2026-06-05
/difference-between-arteries-and-veins,"Excluded by ‘noindex’ tag",2026-05-13
/difference-between-atom-and-molecule,"Excluded by ‘noindex’ tag",2026-05-21
/difference-between-conductor-and-insulator,"Excluded by ‘noindex’ tag",2026-06-09
/difference-between-distance-and-displacement,"Excluded by ‘noindex’ tag",2026-06-08
/difference-between-dna-and-rna,"Excluded by ‘noindex’ tag",2026-05-17
/difference-between-element-and-compound,"Submitted and indexed",2026-03-11
/difference-between-enzyme-and-hormone,"Excluded by ‘noindex’ tag",2026-06-10
/difference-between-exothermic-and-endothermic,"Excluded by ‘noindex’ tag",2026-05-08
/difference-between-ionic-and-covalent-bond,"Excluded by ‘noindex’ tag",2026-05-13
/difference-between-jee-and-neet,"Excluded by ‘noindex’ tag",2026-06-09
/difference-between-jee-main-and-advanced,"Discovered - currently not indexed",
/difference-between-kinetic-and-potential-energy,"Excluded by ‘noindex’ tag",2026-05-18
/difference-between-mass-and-weight,"Excluded by ‘noindex’ tag",2026-06-08
/difference-between-mitosis-and-meiosis,"Discovered - currently not indexed",
/difference-between-mixture-and-compound,"Discovered - currently not indexed",
/difference-between-oxidation-and-reduction,"Crawled - currently not indexed",2026-03-08
/difference-between-permutation-and-combination,"Excluded by ‘noindex’ tag",2026-06-07
/difference-between-photosynthesis-and-respiration,"Excluded by ‘noindex’ tag",2026-06-09
/difference-between-plant-and-animal-cell,"Excluded by ‘noindex’ tag",2026-06-06
/difference-between-prokaryotic-and-eukaryotic-cell,"Crawled - currently not indexed",2026-03-08
/difference-between-reflection-and-refraction,"Excluded by ‘noindex’ tag",2026-06-06
/difference-between-scalar-and-vector,"Excluded by ‘noindex’ tag",2026-05-07
/difference-between-sigma-and-pi-bond,"Discovered - currently not indexed",
/difference-between-speed-and-velocity,"Excluded by ‘noindex’ tag",2026-06-05
/difference-between-work-and-energy,"Excluded by ‘noindex’ tag",2026-05-22
/foundation-coaching,"Crawled - currently not indexed",2026-04-26
/free-trial,"Submitted and indexed",2026-04-08
/isi-entrance-coaching,"Submitted and indexed",2026-06-02
/jee-advanced-coaching,"Crawled - currently not indexed",2026-04-15
/jee-advanced-cutoff-2027,"Discovered - currently not indexed",
/jee-advanced-exam-pattern-2027,"Excluded by ‘noindex’ tag",2026-05-24
/jee-advanced-syllabus-2027,"Excluded by ‘noindex’ tag",2026-06-08
/jee-chemistry-alcohols-phenols-ethers,"Crawled - currently not indexed",2026-05-22
/jee-chemistry-aldehydes-ketones,"Submitted and indexed",2026-05-16
/jee-chemistry-amines,"Crawled - currently not indexed",2026-04-24
/jee-chemistry-atomic-structure,"Crawled - currently not indexed",2026-03-17
/jee-chemistry-biomolecules,"Crawled - currently not indexed",2026-04-25
/jee-chemistry-carboxylic-acids,"Crawled - currently not indexed",2026-04-25
/jee-chemistry-chemical-bonding,"Crawled - currently not indexed",2026-04-25
/jee-chemistry-chemical-equilibrium,"Crawled - currently not indexed",2026-03-11
/jee-chemistry-chemical-kinetics,"Crawled - currently not indexed",2026-03-12
/jee-chemistry-coaching,"Submitted and indexed",2026-04-27
/jee-chemistry-coordination-compounds,"Crawled - currently not indexed",2026-05-23
/jee-chemistry-d-block,"Crawled - currently not indexed",2026-04-22
/jee-chemistry-electrochemistry,"Crawled - currently not indexed",2026-05-17
/jee-chemistry-f-block,"Crawled - currently not indexed",2026-04-25
/jee-chemistry-formulas,"Submitted and indexed",2026-05-19
/jee-chemistry-goc,"Submitted and indexed",2026-06-02
/jee-chemistry-haloalkanes,"Crawled - currently not indexed",2026-03-13
/jee-chemistry-hydrocarbons,"Crawled - currently not indexed",2026-02-19
/jee-chemistry-important-questions,"Excluded by ‘noindex’ tag",2026-05-29
/jee-chemistry-inorganic,"Submitted and indexed",2026-04-28
/jee-chemistry-ionic-equilibrium,"Crawled - currently not indexed",2026-04-24
/jee-chemistry-metallurgy,"Crawled - currently not indexed",2026-04-22
/jee-chemistry-organic,"Submitted and indexed",2026-04-27
/jee-chemistry-p-block-13-14,"Submitted and indexed",2026-05-12
/jee-chemistry-p-block-15-16,"Crawled - currently not indexed",2026-04-22
/jee-chemistry-p-block-17-18,"Crawled - currently not indexed",2026-04-15
/jee-chemistry-periodic-table,"Crawled - currently not indexed",2026-04-22
/jee-chemistry-physical,"Crawled - currently not indexed",2026-03-27
/jee-chemistry-polymers,"Crawled - currently not indexed",2026-04-25
/jee-chemistry-preparation,"Crawled - currently not indexed",2026-04-09
/jee-chemistry-redox-reactions,"Submitted and indexed",2026-06-02
/jee-chemistry-s-block,"Crawled - currently not indexed",2026-04-25
/jee-chemistry-salt-analysis,"Submitted and indexed",2026-05-06
/jee-chemistry-solutions,"Crawled - currently not indexed",2026-03-11
/jee-chemistry-states-of-matter,"Crawled - currently not indexed",2026-03-14
/jee-chemistry-surface-chemistry,"Crawled - currently not indexed",2026-04-25
/jee-chemistry-thermodynamics,"Submitted and indexed",2026-05-18
/jee-coaching,"Submitted and indexed",2026-05-26
/jee-coaching-in-andhra-pradesh,"Submitted and indexed",2026-05-30
/jee-coaching-in-assam,"Submitted and indexed",2026-05-30
/jee-coaching-in-bangalore,"Excluded by ‘noindex’ tag",2026-04-13
/jee-coaching-in-bihar,"Submitted and indexed",2026-06-04
/jee-coaching-in-chennai,"Crawled - currently not indexed",2026-04-26
/jee-coaching-in-chhattisgarh,"Submitted and indexed",2026-05-30
/jee-coaching-in-coimbatore,"Submitted and indexed",2026-05-18
/jee-coaching-in-delhi,"Excluded by ‘noindex’ tag",2026-04-10
/jee-coaching-in-gujarat,"Submitted and indexed",2026-05-30
/jee-coaching-in-haryana,"Submitted and indexed",2026-05-30
/jee-coaching-in-himachal-pradesh,"Submitted and indexed",2026-05-30
/jee-coaching-in-hyderabad,"Crawled - currently not indexed",2026-03-02
/jee-coaching-in-jharkhand,"Submitted and indexed",2026-05-30
/jee-coaching-in-karnataka,"Submitted and indexed",2026-05-30
/jee-coaching-in-kerala,"Submitted and indexed",2026-05-30
/jee-coaching-in-kochi,"Crawled - currently not indexed",2026-04-26
/jee-coaching-in-madhya-pradesh,"Submitted and indexed",2026-05-30
/jee-coaching-in-maharashtra,"Submitted and indexed",2026-05-30
/jee-coaching-in-mangalore,"Crawled - currently not indexed",2026-04-27
/jee-coaching-in-mumbai,"Crawled - currently not indexed",2026-04-22
/jee-coaching-in-odisha,"Submitted and indexed",2026-05-30
/jee-coaching-in-punjab,"Submitted and indexed",2026-05-30
/jee-coaching-in-rajasthan,"Submitted and indexed",2026-05-30
/jee-coaching-in-tamil-nadu,"Submitted and indexed",2026-05-30
/jee-coaching-in-telangana,"Submitted and indexed",2026-05-30
/jee-coaching-in-uttar-pradesh,"Submitted and indexed",2026-05-30
/jee-coaching-in-uttarakhand,"Submitted and indexed",2026-05-30
/jee-coaching-in-vijayawada,"Discovered - currently not indexed",
/jee-coaching-in-visakhapatnam,"Crawled - currently not indexed",2026-04-25
/jee-coaching-in-west-bengal,"Submitted and indexed",2026-05-30
/jee-counselling-2027,"Excluded by ‘noindex’ tag",2026-05-13
/jee-crash-course,"Crawled - currently not indexed",2026-05-31
/jee-dropper-coaching,"Crawled - currently not indexed",2026-03-03
/jee-main-admit-card-2027,"Excluded by ‘noindex’ tag",2026-05-22
/jee-main-answer-key-2027,"Excluded by ‘noindex’ tag",2026-05-25
/jee-main-coaching,"Crawled - currently not indexed",2026-05-21
/jee-main-cutoff-2027,"Excluded by ‘noindex’ tag",2026-05-13
/jee-main-eligibility-2027,"Excluded by ‘noindex’ tag",2026-06-09
/jee-main-exam-pattern-2027,"Excluded by ‘noindex’ tag",2026-05-30
/jee-main-important-dates-2027,"Excluded by ‘noindex’ tag",2026-05-29
/jee-main-rank-vs-college,"Excluded by ‘noindex’ tag",2026-05-19
/jee-main-registration-2027,"Excluded by ‘noindex’ tag",2026-05-29
/jee-main-result-2027,"Excluded by ‘noindex’ tag",2026-05-27
/jee-main-syllabus-2027,"Excluded by ‘noindex’ tag",2026-05-25
/jee-math-algebra,"Crawled - currently not indexed",2026-04-18
/jee-math-calculus,"Discovered - currently not indexed",
/jee-math-geometry,"Crawled - currently not indexed",2026-05-18
/jee-math-trigonometry,"Submitted and indexed",2026-04-27
/jee-mathematics-coaching,"Crawled - currently not indexed",2026-02-24
/jee-mathematics-important-questions,"Excluded by ‘noindex’ tag",2026-05-26
/jee-mathematics-preparation,"Crawled - currently not indexed",2026-04-09
/jee-maths-3d-geometry,"Crawled - currently not indexed",2026-03-17
/jee-maths-application-of-derivatives,"Crawled - currently not indexed",2026-03-12
/jee-maths-binomial-theorem,"Crawled - currently not indexed",2026-03-13
/jee-maths-circles,"Crawled - currently not indexed",2026-03-18
/jee-maths-complex-numbers,"Crawled - currently not indexed",2026-03-11
/jee-maths-conic-sections,"Submitted and indexed",2026-05-30
/jee-maths-definite-integration,"Crawled - currently not indexed",2026-03-11
/jee-maths-differential-equations,"Crawled - currently not indexed",2026-04-25
/jee-maths-differentiation,"Crawled - currently not indexed",2026-03-08
/jee-maths-formulas,"Crawled - currently not indexed",2026-04-05
/jee-maths-indefinite-integration,"Crawled - currently not indexed",2026-03-16
/jee-maths-inverse-trigonometry,"Submitted and indexed",2026-05-23
/jee-maths-limits-continuity,"Crawled - currently not indexed",2026-03-12
/jee-maths-mathematical-reasoning,"Crawled - currently not indexed",2026-04-25
/jee-maths-matrices-determinants,"Submitted and indexed",2026-06-02
/jee-maths-permutations-combinations,"Submitted and indexed",2026-05-16
/jee-maths-probability,"Crawled - currently not indexed",2026-04-25
/jee-maths-quadratic-equations,"Crawled - currently not indexed",2026-05-23
/jee-maths-sequences-series,"Discovered - currently not indexed",
/jee-maths-sets-relations-functions,"Submitted and indexed",2026-05-13
/jee-maths-statistics,"Crawled - currently not indexed",2026-03-06
/jee-maths-straight-lines,"Crawled - currently not indexed",2026-04-10
/jee-maths-trigonometry,"Crawled - currently not indexed",2026-03-17
/jee-maths-vectors,"Crawled - currently not indexed",2026-03-14
/jee-mock-test-strategy,"Excluded by ‘noindex’ tag",2026-05-20
/jee-physics-alternating-current,"Crawled - currently not indexed",2026-03-03
/jee-physics-centre-of-mass,"Crawled - currently not indexed",2026-03-17
/jee-physics-coaching,"Crawled - currently not indexed",2026-04-28
/jee-physics-current-electricity,"Submitted and indexed",2026-05-23
/jee-physics-electrodynamics,"Submitted and indexed",2026-05-19
/jee-physics-electromagnetic-induction,"Crawled - currently not indexed",2026-05-12
/jee-physics-electrostatics,"Submitted and indexed",2026-05-30
/jee-physics-fluid-mechanics,"Crawled - currently not indexed",2026-05-18
/jee-physics-formulas,"Crawled - currently not indexed",2026-02-28
/jee-physics-gravitation,"Crawled - currently not indexed",2026-03-12
/jee-physics-important-questions,"Excluded by ‘noindex’ tag",2026-05-28
/jee-physics-kinematics,"Crawled - currently not indexed",2026-03-17
/jee-physics-kinetic-theory,"Crawled - currently not indexed",2026-04-25
/jee-physics-magnetic-effects,"Crawled - currently not indexed",2026-03-11
/jee-physics-mechanics,"Submitted and indexed",2026-05-17
/jee-physics-modern-physics,"Submitted and indexed",2026-06-02
/jee-physics-newtons-laws,"Crawled - currently not indexed",2026-04-15
/jee-physics-nuclear-physics,"Crawled - currently not indexed",2026-04-24
/jee-physics-optics,"Submitted and indexed",2026-06-02
/jee-physics-preparation,"Crawled - currently not indexed",2026-04-10
/jee-physics-properties-of-matter,"Crawled - currently not indexed",2026-03-19
/jee-physics-ray-optics,"Crawled - currently not indexed",2026-03-12
/jee-physics-rotational-motion,"Crawled - currently not indexed",2026-05-30
/jee-physics-semiconductors,"Crawled - currently not indexed",2026-04-25
/jee-physics-shm,"Submitted and indexed",2026-05-09
/jee-physics-thermodynamics,"Submitted and indexed",2026-03-11
/jee-physics-thermodynamics,"Submitted and indexed",2026-03-11
/jee-physics-wave-optics,"Submitted and indexed",2026-05-13
/jee-physics-waves,"Submitted and indexed",2026-04-28
/jee-physics-waves-sound,"Crawled - currently not indexed",2026-04-25
/jee-physics-work-energy-power,"Crawled - currently not indexed",2026-04-22
/jee-practice,"Submitted and indexed",2026-05-17
/jee-pyq,"Crawled - currently not indexed",2026-04-23
/jee-rank-predictor,"Submitted and indexed",2026-06-02
/kcet-coaching,"Submitted and indexed",2026-05-27
/kota-coaching-alternative,"Crawled - currently not indexed",2026-04-16
/kvpy-coaching,"Crawled - currently not indexed",2026-05-03
/mentors,"Crawled - currently not indexed",2026-04-25
/methodology,"Crawled - currently not indexed",2026-04-27
/mht-cet-coaching,"Submitted and indexed",2026-05-13
/mindpeak-vs-aakash,"Submitted and indexed",2026-05-17
/mindpeak-vs-allen,"Submitted and indexed",2026-04-27
/mindpeak-vs-byjus,"Crawled - currently not indexed",2026-05-13
/mindpeak-vs-fiitjee,"Crawled - currently not indexed",2026-04-25
/mindpeak-vs-narayana,"Crawled - currently not indexed",2026-06-07
/mindpeak-vs-physics-wallah,"Crawled - currently not indexed",2026-04-25
/mindpeak-vs-resonance,"Crawled - currently not indexed",2026-02-17
/mindpeak-vs-sri-chaitanya,"Submitted and indexed",2026-05-03
/mindpeak-vs-unacademy,"Discovered - currently not indexed",
/mindpeak-vs-vedantu,"Discovered - currently not indexed",
/neet-admit-card-2027,"Excluded by ‘noindex’ tag",2026-05-26
/neet-answer-key-2027,"Excluded by ‘noindex’ tag",2026-05-22
/neet-biology-animal-kingdom,"Crawled - currently not indexed",2026-04-22
/neet-biology-biodiversity-conservation,"Crawled - currently not indexed",2026-03-27
/neet-biology-biomolecules,"Crawled - currently not indexed",2026-04-22
/neet-biology-biotechnology-applications,"Crawled - currently not indexed",2026-04-25
/neet-biology-biotechnology-principles,"Crawled - currently not indexed",2026-03-27
/neet-biology-body-fluids-circulation,"Crawled - currently not indexed",2026-04-23
/neet-biology-breathing-gas-exchange,"Crawled - currently not indexed",2026-04-25
/neet-biology-cell-division,"Submitted and indexed",2026-05-17
/neet-biology-cell-unit-of-life,"Submitted and indexed",2026-05-30
/neet-biology-chemical-coordination,"Crawled - currently not indexed",2026-04-25
/neet-biology-coaching,"Submitted and indexed",2026-04-27
/neet-biology-digestion-absorption,"Crawled - currently not indexed",2026-03-27
/neet-biology-ecosystem,"Submitted and indexed",2026-05-09
/neet-biology-environmental-issues,"Crawled - currently not indexed",2026-04-22
/neet-biology-evolution,"Submitted and indexed",2026-05-13
/neet-biology-excretory-system,"Crawled - currently not indexed",2026-05-18
/neet-biology-food-production-microbes,"Submitted and indexed",2026-05-13
/neet-biology-formulas,"Crawled - currently not indexed",2026-03-04
/neet-biology-human-health-diseases,"Crawled - currently not indexed",2026-04-23
/neet-biology-human-reproduction,"Crawled - currently not indexed",2026-04-13
/neet-biology-important-questions,"Excluded by ‘noindex’ tag",2026-06-07
/neet-biology-inheritance-variation,"Crawled - currently not indexed",2026-03-11
/neet-biology-living-world-classification,"Crawled - currently not indexed",2026-04-22
/neet-biology-locomotion-movement,"Crawled - currently not indexed",2026-04-22
/neet-biology-mineral-nutrition,"Crawled - currently not indexed",2026-04-22
/neet-biology-molecular-inheritance,"Submitted and indexed",2026-05-22
/neet-biology-neural-control,"Submitted and indexed",2026-05-31
/neet-biology-organisms-populations,"Crawled - currently not indexed",2026-03-02
/neet-biology-photosynthesis,"Crawled - currently not indexed",2026-04-15
/neet-biology-plant-growth-development,"Crawled - currently not indexed",2026-04-22
/neet-biology-plant-morphology-anatomy,"Submitted and indexed",2026-05-09
/neet-biology-plant-respiration,"Crawled - currently not indexed",2026-04-25
/neet-biology-preparation,"Submitted and indexed",2026-06-02
/neet-biology-reproduction-organisms,"Crawled - currently not indexed",2026-04-25
/neet-biology-reproductive-health,"Submitted and indexed",2026-05-19
/neet-biology-sexual-reproduction-plants,"Crawled - currently not indexed",2026-03-27
/neet-biology-structural-organisation-animals,"Crawled - currently not indexed",2026-04-22
/neet-biology-transport-in-plants,"Discovered - currently not indexed",
/neet-chemistry-alcohols-phenols-ethers,"Crawled - currently not indexed",2026-04-25
/neet-chemistry-amines,"Crawled - currently not indexed",2026-04-25
/neet-chemistry-atomic-structure,"Crawled - currently not indexed",2026-03-11
/neet-chemistry-biomolecules-polymers,"Submitted and indexed",2026-05-19
/neet-chemistry-carbonyl-compounds,"Crawled - currently not indexed",2026-04-25
/neet-chemistry-chemical-bonding,"Crawled - currently not indexed",2026-04-13
/neet-chemistry-coaching,"Submitted and indexed",2026-05-17
/neet-chemistry-coordination-compounds,"Crawled - currently not indexed",2026-03-11
/neet-chemistry-d-f-block,"Crawled - currently not indexed",2026-04-22
/neet-chemistry-environmental-chemistry,"Crawled - currently not indexed",2026-03-03
/neet-chemistry-equilibrium,"Submitted and indexed",2026-05-30
/neet-chemistry-formulas,"Crawled - currently not indexed",2026-05-13
/neet-chemistry-haloalkanes-haloarenes,"Submitted and indexed",2026-05-18
/neet-chemistry-important-questions,"Excluded by ‘noindex’ tag",2026-04-10
/neet-chemistry-kinetics,"Crawled - currently not indexed",2026-04-25
/neet-chemistry-metallurgy,"Crawled - currently not indexed",2026-03-03
/neet-chemistry-organic-basics,"Submitted and indexed",2026-05-30
/neet-chemistry-p-block,"Submitted and indexed",2026-06-03
/neet-chemistry-periodic-classification,"Crawled - currently not indexed",2026-04-25
/neet-chemistry-preparation,"Crawled - currently not indexed",2026-04-25
/neet-chemistry-redox-electrochemistry,"Crawled - currently not indexed",2026-03-11
/neet-chemistry-s-block,"Crawled - currently not indexed",2026-04-25
/neet-chemistry-salt-analysis-hydrogen,"Crawled - currently not indexed",2026-04-22
/neet-chemistry-solutions,"Crawled - currently not indexed",2026-03-27
/neet-chemistry-some-basic-concepts,"Submitted and indexed",2026-05-23
/neet-chemistry-surface-chemistry,"Crawled - currently not indexed",2026-04-25
/neet-chemistry-thermodynamics,"Submitted and indexed",2026-06-02
/neet-coaching,"Submitted and indexed",2026-06-02
/neet-coaching-in-andhra-pradesh,"Submitted and indexed",2026-05-30
/neet-coaching-in-assam,"Submitted and indexed",2026-05-30
/neet-coaching-in-bangalore,"Excluded by ‘noindex’ tag",2026-04-10
/neet-coaching-in-bihar,"Submitted and indexed",2026-05-30
/neet-coaching-in-chennai,"Crawled - currently not indexed",2026-04-25
/neet-coaching-in-chhattisgarh,"Submitted and indexed",2026-05-30
/neet-coaching-in-coimbatore,"Crawled - currently not indexed",2026-04-26
/neet-coaching-in-delhi,"Submitted and indexed",2026-05-20
/neet-coaching-in-gujarat,"Submitted and indexed",2026-05-30
/neet-coaching-in-haryana,"Submitted and indexed",2026-05-30
/neet-coaching-in-himachal-pradesh,"Submitted and indexed",2026-05-30
/neet-coaching-in-hyderabad,"Excluded by ‘noindex’ tag",2026-04-13
/neet-coaching-in-jharkhand,"Submitted and indexed",2026-05-30
/neet-coaching-in-karnataka,"Submitted and indexed",2026-05-30
/neet-coaching-in-kerala,"Submitted and indexed",2026-05-30
/neet-coaching-in-kochi,"Crawled - currently not indexed",2026-04-26
/neet-coaching-in-madhya-pradesh,"Submitted and indexed",2026-05-30
/neet-coaching-in-maharashtra,"Submitted and indexed",2026-05-30
/neet-coaching-in-mangalore,"Discovered - currently not indexed",
/neet-coaching-in-mumbai,"Discovered - currently not indexed",
/neet-coaching-in-odisha,"Submitted and indexed",2026-05-30
/neet-coaching-in-punjab,"Submitted and indexed",2026-05-30
/neet-coaching-in-rajasthan,"Submitted and indexed",2026-05-30
/neet-coaching-in-tamil-nadu,"Submitted and indexed",2026-05-30
/neet-coaching-in-telangana,"Submitted and indexed",2026-05-30
/neet-coaching-in-uttar-pradesh,"Submitted and indexed",2026-05-30
/neet-coaching-in-uttarakhand,"Submitted and indexed",2026-05-30
/neet-coaching-in-vijayawada,"Crawled - currently not indexed",2026-04-26
/neet-coaching-in-visakhapatnam,"Submitted and indexed",2026-05-22
/neet-coaching-in-west-bengal,"Submitted and indexed",2026-05-30
/neet-counselling-2027,"Excluded by ‘noindex’ tag",2026-06-08
/neet-crash-course,"Submitted and indexed",2026-04-30
/neet-cutoff-2027,"Excluded by ‘noindex’ tag",2026-05-28
/neet-dropper-coaching,"Submitted and indexed",2026-05-17
/neet-eligibility-2027,"Excluded by ‘noindex’ tag",2026-06-06
/neet-exam-pattern-2027,"Excluded by ‘noindex’ tag",2026-05-27
/neet-important-dates-2027,"Excluded by ‘noindex’ tag",2026-05-27
/neet-mock-test-strategy,"Crawled - currently not indexed",2026-02-21
/neet-physics-coaching,"Crawled - currently not indexed",2026-03-03
/neet-physics-current-electricity,"Crawled - currently not indexed",2026-05-04
/neet-physics-dual-nature-atoms,"Crawled - currently not indexed",2026-03-11
/neet-physics-electrostatics,"Crawled - currently not indexed",2026-03-11
/neet-physics-formulas,"Submitted and indexed",2026-05-12
/neet-physics-gravitation,"Submitted and indexed",2026-05-17
/neet-physics-important-questions,"Discovered - currently not indexed",
/neet-physics-kinematics,"Submitted and indexed",2026-06-02
/neet-physics-laws-of-motion,"Crawled - currently not indexed",2026-03-18
/neet-physics-magnetism,"Crawled - currently not indexed",2026-03-11
/neet-physics-mechanical-properties,"Crawled - currently not indexed",2026-03-19
/neet-physics-nuclei-semiconductors,"Crawled - currently not indexed",2026-05-18
/neet-physics-preparation,"Crawled - currently not indexed",2026-04-25
/neet-physics-ray-optics,"Crawled - currently not indexed",2026-03-11
/neet-physics-thermal-properties,"Submitted and indexed",2026-05-17
/neet-physics-thermodynamics,"Submitted and indexed",2026-05-17
/neet-physics-wave-optics,"Crawled - currently not indexed",2026-05-20
/neet-physics-waves-sound,"Crawled - currently not indexed",2026-03-13
/neet-physics-work-energy-power,"Crawled - currently not indexed",2026-04-22
/neet-practice,"Discovered - currently not indexed",
/neet-pyq,"Crawled - currently not indexed",2026-05-17
/neet-rank-predictor,"Submitted and indexed",2026-05-14
/neet-rank-vs-college,"Discovered - currently not indexed",
/neet-registration-2027,"Discovered - currently not indexed",
/neet-result-2027,"Excluded by ‘noindex’ tag",2026-05-26
/neet-syllabus-2027,"Excluded by ‘noindex’ tag",2026-05-28
/neet-ug-2026-cancelled,"Submitted and indexed",2026-06-05
/neet-ug-coaching,"Crawled - currently not indexed",2026-03-02
/olympiad-coaching,"Discovered - currently not indexed",
/online-tuition-himachal-pradesh,"Discovered - currently not indexed",
/online-vs-offline-jee-coaching,"Submitted and indexed",2026-05-22
/pricing,"Submitted and indexed",2026-05-06
/refund-policy,"Submitted and indexed",2026-05-06
/srmjeee-coaching,"Submitted and indexed",2026-06-05
/study-plan,"Discovered - currently not indexed",
/terms-and-conditions,"Submitted and indexed",2026-05-12
/top-engineering-colleges-india,"Discovered - currently not indexed",
/top-medical-colleges-india,"Excluded by ‘noindex’ tag",2026-06-09
/ts-eamcet-coaching,"Submitted and indexed",2026-05-03
/viteee-coaching,"Submitted and indexed",2026-06-02
/wbjee-coaching,"Discovered - currently not indexed",
